City,Country,Lat,Lng,Max Temp,Humidity,Cloudiness,Wind Speed,Date
qaanaaq,GL,77.484,-69.3632,-25.85,71,0,7.67,1644595939
east london,ZA,-33.0153,27.9116,76.01,73,74,7.05,1644595939
new norfolk,AU,-42.7826,147.0587,51.71,61,0,2.42,1644595940
snezhnogorsk,RU,69.1933,33.2531,22.78,98,77,11.25,1644595940
rikitea,PF,-23.1203,-134.9692,79.0,72,2,18.57,1644595940
lagoa,PT,39.05,-27.9833,59.13,72,41,11.83,1644595941
ushuaia,AR,-54.8,-68.3,53.22,68,100,4.25,1644595683
vaini,TO,-21.2,-175.2,78.96,94,20,4.61,1644595941
port alfred,ZA,-33.5906,26.891,73.45,72,1,6.53,1644595941
richards bay,ZA,-28.783,32.0377,79.9,74,1,11.34,1644595942
hobart,AU,-42.8794,147.3294,52.05,72,9,9.22,1644595732
albany,US,42.6001,-73.9662,45.63,61,37,1.01,1644595166
arraial do cabo,BR,-22.9661,-42.0278,75.06,88,75,9.22,1644595942
aykhal,RU,66.0,111.5,-5.46,100,98,6.04,1644595942
koumac,NC,-20.5667,164.2833,78.37,86,100,5.68,1644595943
upernavik,GL,72.7868,-56.1549,-15.38,76,100,12.35,1644595943
naze,JP,28.3667,129.4833,56.95,64,95,5.86,1644595943
tynda,RU,55.1667,124.7167,-17.57,95,99,2.59,1644595944
severnyy,RU,50.677,36.5532,35.64,93,100,11.18,1644595944
namibe,AO,-15.1961,12.1522,78.71,72,60,11.88,1644595944
nemuro,JP,43.3236,145.575,23.43,79,85,8.93,1644595945
monteagudo,BO,-19.8167,-63.9833,83.98,33,11,4.88,1644595945
salalah,OM,17.0151,54.0924,72.32,64,9,4.45,1644595945
ancud,CL,-41.8697,-73.8203,62.13,52,0,5.97,1644595945
lata,PT,40.1629,-8.3327,70.48,46,48,6.04,1644595946
avarua,CK,-21.2078,-159.775,73.45,100,15,2.3,1644595946
mehamn,NO,71.0357,27.8492,31.95,74,75,20.71,1644595946
khatanga,RU,71.9667,102.5,8.02,84,99,16.44,1644595947
pisco,PE,-13.7,-76.2167,77.05,57,0,16.11,1644595947
tasiilaq,GL,65.6145,-37.6368,19.56,60,100,4.32,1644595947
galveston,US,29.3669,-94.9669,66.24,75,0,6.91,1644595758
cayenne,GF,4.9333,-52.3333,78.84,85,75,8.05,1644595948
cape town,ZA,-33.9258,18.4232,76.12,49,1,11.86,1644595748
esperance,AU,-33.8667,121.9,74.88,71,94,4.09,1644595948
naryan-mar,RU,67.6713,53.087,18.27,91,100,18.68,1644595949
mataura,NZ,-46.1927,168.8643,53.67,86,100,2.53,1644595949
kilindoni,TZ,-7.9139,39.6668,81.36,77,100,11.72,1644595949
graciano sanchez,MX,23.9167,-99.2833,59.95,73,61,4.85,1644595949
jamestown,US,42.097,-79.2353,45.72,56,75,17.27,1644595830
busselton,AU,-33.65,115.3333,63.09,88,27,6.73,1644595950
hilo,US,19.7297,-155.09,66.11,83,0,5.75,1644595657
inuvik,CA,68.3499,-133.7218,-19.48,98,99,4.76,1644595950
udachnyy,RU,66.4167,112.4,-2.94,100,99,3.71,1644595950
mantua,IT,45.1667,10.7833,55.27,79,100,2.44,1644595951
duldurga,RU,50.6761,113.5931,-15.95,96,27,3.98,1644595951
ponta do sol,PT,32.6667,-17.1,72.23,80,1,0.2,1644595951
farafangana,MG,-22.8167,47.8333,78.13,83,29,6.53,1644595952
lebu,CL,-37.6167,-73.65,60.48,55,0,24.14,1644595952
camana,PE,-16.6228,-72.7111,75.58,66,70,11.39,1644595952
vila velha,BR,-20.3297,-40.2925,77.95,85,75,12.66,1644595953
okha,RU,53.5739,142.9478,14.97,92,100,4.7,1644595953
marsa matruh,EG,31.3525,27.2453,57.49,60,62,8.34,1644595953
astaneh-ye ashrafiyeh,IR,37.2596,49.9444,46.33,90,100,0.98,1644595954
ilulissat,GL,69.2167,-51.1,23.02,50,75,14.97,1644595762
kaitangata,NZ,-46.2817,169.8464,55.36,89,100,2.46,1644595954
ust-kut,RU,56.7938,105.7672,-24.45,100,43,1.36,1644595954
pevek,RU,69.7008,170.3133,-23.73,98,100,6.51,1644595936
west fargo,US,46.875,-96.9004,0.01,79,100,39.12,1644595761
punta arenas,CL,-53.15,-70.9167,57.22,67,75,23.02,1644595955
inta,RU,66.0317,60.1659,8.8,75,100,13.38,1644595955
svetlogorsk,BY,52.6333,29.7333,31.3,90,88,5.44,1644595955
auki,SB,-8.7676,160.7034,74.98,95,100,2.95,1644595956
dikson,RU,73.5069,80.5464,6.04,91,100,26.4,1644595956
kavieng,PG,-2.5744,150.7967,81.73,75,98,6.31,1644595956
bethel,US,41.3712,-73.414,50.58,48,0,9.22,1644595957
kruisfontein,ZA,-34.0033,24.7314,72.97,53,0,8.97,1644595957
srednekolymsk,RU,67.45,153.6833,-37.25,100,39,5.68,1644595957
chokurdakh,RU,70.6333,147.9167,-7.62,97,100,12.12,1644595957
odweyne,SO,9.4092,45.064,67.21,53,33,12.48,1644595958
ormond beach,US,29.2858,-81.0559,73.17,57,0,6.91,1644595958
bluff,NZ,-46.6,168.3333,56.52,74,53,12.03,1644595959
cidreira,BR,-30.1811,-50.2056,79.05,70,0,14.65,1644595959
port blair,IN,11.6667,92.75,79.05,73,75,8.97,1644595959
guerrero negro,MX,27.9769,-114.0611,65.98,30,0,3.94,1644595959
nabire,ID,-3.3667,135.4833,74.37,96,100,2.73,1644595960
kapaa,US,22.0752,-159.319,67.98,94,0,10.36,1644595960
severomuysk,RU,56.1481,113.4267,-31.85,95,24,2.73,1644595961
bredasdorp,ZA,-34.5322,20.0403,75.27,58,0,9.66,1644595961
urumqi,CN,43.801,87.6005,9.55,92,75,2.24,1644595806
ribeira grande,PT,38.5167,-28.7,64.8,59,40,9.22,1644595961
hermanus,ZA,-34.4187,19.2345,75.9,77,7,6.82,1644595961
castro,BR,-24.7911,-50.0119,78.12,46,0,5.21,1644595962
axim,GH,4.8699,-2.2405,84.43,68,39,11.81,1644595962
bengkulu,ID,-3.8004,102.2655,75.25,89,85,4.68,1644595962
los llanos de aridane,ES,28.6585,-17.9182,71.35,43,0,4.61,1644595963
coquimbo,CL,-29.9533,-71.3436,71.33,64,20,13.8,1644595949
san carlos,VE,9.6612,-68.5827,89.13,42,56,4.79,1644595963
bayir,TR,37.2687,28.2167,50.83,64,0,2.71,1644595963
mar del plata,AR,-38.0023,-57.5575,62.87,72,100,16.11,1644595856
yarmouth,US,41.7057,-70.2286,52.11,54,0,10.36,1644595964
colares,PT,38.7992,-9.4469,70.32,59,20,15.01,1644595964
huilong,CN,31.8111,121.655,45.03,81,100,8.77,1644595964
mahebourg,MU,-20.4081,57.7,77.25,77,79,5.79,1644595965
atuona,PF,-9.8,-139.0333,77.09,78,24,15.46,1644595965
leh,IN,34.1667,77.5833,-9.08,67,5,4.03,1644595690
saskylakh,RU,71.9167,114.0833,0.46,89,99,11.61,1644595965
malakal,SS,9.5334,31.6605,90.1,15,49,7.87,1644595965
pangai,TO,-19.8,-174.35,81.91,76,6,12.88,1644595966
ostrovnoy,RU,68.0531,39.5131,19.51,92,100,11.81,1644595966
saint george,US,37.1041,-113.5841,58.35,49,0,4.61,1644595966
trinidad,BO,-14.8333,-64.9,87.78,66,75,9.22,1644595967
hithadhoo,MV,-0.6,73.0833,81.86,69,100,8.25,1644595967
mouzouras,GR,35.5333,24.15,56.43,76,20,0.0,1644595967
thompson,CA,55.7435,-97.8558,-25.44,86,5,8.03,1644595968
gao,ML,16.6362,1.637,88.25,6,0,6.58,1644595968
kodiak,US,57.79,-152.4072,36.91,93,100,4.61,1644595968
vega de alatorre,MX,20.0333,-96.6333,67.95,80,97,5.14,1644595968
cacoal,BR,-11.4386,-61.4472,81.05,83,78,6.98,1644595969
mercedes,AR,-34.6515,-59.4307,87.85,49,83,17.05,1644595969
barrow,US,71.2906,-156.7887,-27.38,75,0,8.05,1644595969
bitung,ID,1.4451,125.1824,76.05,84,97,4.83,1644595970
san andres,CO,12.5847,-81.7006,84.22,70,40,16.11,1644595970
tepetitla,MX,19.2833,-98.3833,55.62,50,20,4.61,1644595970
esmeraldas,BR,-19.7625,-44.3139,79.66,70,99,2.37,1644595971
charagua,BO,-19.8,-63.2167,87.37,45,47,10.36,1644595971
tilichiki,RU,60.4667,166.1,-16.47,84,1,9.01,1644595971
erzin,TR,36.9559,36.2,54.32,79,5,2.1,1644595972
cherskiy,RU,68.75,161.3,-37.79,99,50,5.28,1644595972
antofagasta,CL,-23.65,-70.4,75.22,56,5,8.97,1644595972
blackwater,AU,-23.5833,148.8833,71.67,72,0,10.16,1644595972
darhan,MN,49.4867,105.9228,-18.02,99,20,2.37,1644595973
borazjan,IR,29.2666,51.2159,68.32,47,68,1.9,1644595973
kidal,ML,18.4411,1.4078,84.09,6,1,4.63,1644595973
caravelas,BR,-17.7125,-39.2481,87.3,54,10,10.18,1644595974
goderich,CA,43.7501,-81.7165,35.2,98,100,24.29,1644595974
georgetown,MY,5.4112,100.3354,81.9,77,20,0.0,1644595680
bose,IT,45.4612,8.0137,54.66,63,18,3.62,1644595974
puerto carreno,CO,6.189,-67.4859,92.32,36,100,11.63,1644595974
shu,KZ,43.5983,73.7614,38.23,57,100,7.27,1644595975
marystown,CA,47.1666,-55.1483,39.85,100,99,8.01,1644595975
dunedin,NZ,-45.8742,170.5036,54.97,97,100,0.31,1644595975
leningradskiy,RU,69.3833,178.4167,-16.98,97,100,4.27,1644595976
birjand,IR,32.8663,59.2211,52.99,34,0,4.92,1644595976
butaritari,KI,3.0707,172.7902,80.64,81,71,17.11,1644595976
gboko,NG,7.3179,8.9951,98.67,6,7,7.29,1644595977
lahat,ID,-3.8,103.5333,71.49,87,98,2.37,1644595977
amahai,ID,-3.3333,128.9167,78.3,85,100,3.09,1644595977
picota,PE,-6.9197,-76.3304,84.88,67,99,1.07,1644595978
karratha,AU,-20.7377,116.8463,85.78,69,6,5.48,1644595978
kwinana,AU,-32.25,115.7667,71.94,80,12,8.37,1644595978
shawinigan,CA,46.5668,-72.7491,25.9,92,99,5.59,1644595978
port elizabeth,ZA,-33.918,25.5701,72.36,65,0,7.36,1644595979
camacha,PT,33.0833,-16.3333,68.76,72,40,12.66,1644595979
padang,ID,-0.9492,100.3543,77.36,80,100,3.67,1644595979
chuy,UY,-33.6971,-53.4616,83.88,54,4,10.98,1644595980
yellowknife,CA,62.456,-114.3525,-24.59,91,96,6.53,1644595980
laguna,US,38.421,-121.4238,61.3,91,0,0.0,1644595907
yarim,YE,14.298,44.3779,57.31,59,25,1.99,1644595980
chapais,CA,49.7834,-74.8492,7.77,89,100,8.32,1644595981
kismayo,SO,-0.3582,42.5454,77.76,80,57,17.05,1644595981
sabang,ID,5.8933,95.3214,81.45,73,100,11.63,1644595981
tuktoyaktuk,CA,69.4541,-133.0374,-17.36,94,100,12.77,1644595982
kastamonu,TR,41.5,33.6667,33.76,78,0,1.59,1644595982
wenzhou,CN,27.9994,120.6668,49.73,94,100,2.95,1644595982
banda aceh,ID,5.5577,95.3222,78.53,81,100,7.92,1644595983
wahpeton,US,46.2652,-96.6059,7.02,78,100,34.52,1644595983
katsuura,JP,35.1333,140.3,40.19,68,14,13.06,1644595754
texarkana,US,33.4251,-94.0477,61.14,41,0,18.41,1644595983
santa rosa,PH,14.3122,121.1114,79.11,74,87,13.06,1644595984
manokwari,ID,-0.8667,134.0833,77.34,83,96,3.74,1644595984
severo-kurilsk,RU,50.6789,156.125,22.77,86,96,3.65,1644595984
prince albert,CA,53.2001,-105.7677,-14.78,97,89,4.23,1644595734
marathon,US,44.9,-89.7668,38.44,82,100,14.97,1644595985
angoche,MZ,-16.2325,39.9086,80.64,78,100,7.61,1644595985
norman wells,CA,65.282,-126.8329,-13.13,100,100,1.57,1644595985
ballina,AU,-28.8667,153.5667,68.18,91,72,14.92,1644595985
semnan,IR,35.5729,53.3971,48.61,62,100,1.68,1644595986
seredka,RU,58.1584,28.1858,31.75,94,72,5.57,1644595986
nanortalik,GL,60.1432,-45.2371,30.43,75,100,6.13,1644595986
machali,CL,-34.1833,-70.6667,72.68,53,8,8.05,1644595987
codrington,AU,-38.2667,141.9667,56.73,76,9,11.77,1644595987
iqaluit,CA,63.7506,-68.5145,-2.31,84,100,8.34,1644595987
souillac,MU,-20.5167,57.5167,77.36,79,81,5.55,1644595987
lavrentiya,RU,65.5833,-171.0,-26.48,95,62,6.58,1644595937
provideniya,RU,64.3833,-173.3,-17.99,94,14,9.44,1644595988
togur,RU,58.3631,82.8265,-11.13,100,16,4.97,1644595988
pangnirtung,CA,66.1451,-65.7125,0.91,82,100,6.62,1644595988
swan hill,AU,-35.3378,143.5544,58.33,58,0,12.06,1644595989
arklow,IE,52.7931,-6.1414,46.98,77,100,20.65,1644595989
la rioja,ES,42.25,-2.5,51.31,73,98,3.78,1644595989
zlobin,HR,45.2924,14.6541,44.15,87,75,4.61,1644595990
puerto ayora,EC,-0.7393,-90.3518,80.56,89,47,1.99,1644595990
guider,CM,9.9342,13.9486,89.53,7,7,10.07,1644595990
santa cruz,BO,-17.8,-63.1667,89.65,58,75,17.27,1644595855
laukaa,RU,58.7372,29.8453,30.9,81,99,11.01,1644595991
gwadar,PK,25.1216,62.3254,71.37,55,0,11.45,1644595991
negotin,RS,44.2264,22.5308,52.7,56,3,7.61,1644595991
hanmer springs,NZ,-42.5167,172.8167,59.61,94,100,0.83,1644595991
bahir dar,ET,11.5936,37.3908,75.45,40,62,4.27,1644595992
nkoteng,CM,4.5167,12.0333,95.72,10,64,2.44,1644595992
torbay,CA,47.6666,-52.7314,42.89,78,100,14.41,1644595993
shakawe,BW,-18.3667,21.85,68.09,82,99,7.83,1644595993
conceicao da barra,BR,-18.5933,-39.7322,86.25,57,50,8.41,1644595993
narsaq,GL,60.9167,-46.05,25.02,66,100,6.49,1644595994
patti,IN,31.2808,74.8572,62.55,56,2,3.22,1644595994
airai,TL,-8.9266,125.4092,60.89,94,100,1.48,1644595994
constitucion,CL,-35.3333,-72.4167,69.64,37,0,11.68,1644595994
meadow lake,US,34.8014,-106.5436,48.58,59,1,10.51,1644595995
port keats,AU,-14.25,129.55,80.96,81,6,0.11,1644595995
ratnagiri,IN,16.9833,73.3,77.09,58,8,10.74,1644595995
sorland,NO,67.667,12.6934,24.87,48,93,12.01,1644595996
bima,ID,-8.4667,118.7167,76.89,93,100,0.98,1644595996
tezu,IN,27.9167,96.1667,55.42,68,28,3.96,1644595996
longyearbyen,SJ,78.2186,15.6401,19.24,93,75,4.61,1644595997
salinas,US,36.6777,-121.6555,63.7,55,0,10.36,1644595940
husavik,IS,66.0449,-17.3389,18.73,85,100,6.08,1644595997
huejuquilla el alto,MX,22.6,-103.8667,52.75,23,0,1.43,1644595706
sokoni,TZ,-6.4333,39.55,81.01,77,80,13.69,1644595997
naigarhi,IN,24.7833,81.7833,56.32,40,0,6.04,1644595750
pirgos,GR,35.1167,25.7178,53.28,74,2,2.66,1644595998
fairbanks,US,64.8378,-147.7164,-5.08,75,0,9.22,1644595845
dodge city,US,37.7528,-100.0171,47.25,61,0,28.77,1644595752
san patricio,US,28.017,-97.5169,67.87,58,0,5.79,1644595998
karasjok,NO,69.4719,25.5112,26.71,85,99,14.45,1644595998
gillette,US,44.2911,-105.5022,29.68,87,100,28.77,1644595778
port hardy,CA,50.6996,-127.4199,40.75,84,95,1.68,1644595999
kattivakkam,IN,13.2167,80.3167,81.07,72,35,11.27,1644595999
namatanai,PG,-3.6667,152.4333,78.17,82,100,2.82,1644595999
altay,CN,47.8667,88.1167,-0.47,72,9,8.25,1644596000
quang ngai,VN,15.1167,108.8,73.22,88,100,1.25,1644596000
wanaka,NZ,-44.7,169.15,58.1,81,94,1.01,1644596000
iwanai,JP,42.9744,140.5089,17.31,92,96,5.59,1644596001
grindavik,IS,63.8424,-22.4338,32.47,64,75,14.97,1644596001
belmonte,BR,-15.8631,-38.8828,84.7,61,20,9.53,1644596001
raudeberg,NO,61.9875,5.1352,38.07,93,100,8.01,1644596001
muriwai beach,NZ,-36.8167,174.45,75.34,95,95,5.99,1644596002
katima mulilo,NA,-17.5,24.2667,68.04,96,100,6.15,1644596002
irpa irpa,BO,-17.7167,-66.2667,77.0,42,64,3.47,1644596002
talnakh,RU,69.4865,88.3972,-9.74,87,100,10.16,1644596003
baraboo,US,43.4711,-89.7443,41.14,84,100,9.22,1644596003
orapa,BW,-21.2833,25.3667,88.92,23,92,8.57,1644596003
carnarvon,AU,-24.8667,113.6333,82.47,65,10,8.05,1644596004
saint anthony,US,45.0205,-93.218,25.99,81,100,23.02,1644596004
abbeville,FR,50.1,1.8333,47.61,67,23,1.03,1644596004
suleja,NG,9.1758,7.1808,96.94,6,17,4.16,1644596005
ouallam,NE,14.3188,2.0866,92.46,5,0,9.71,1644596005
te anau,NZ,-45.4167,167.7167,53.47,91,81,1.5,1644596005
yuanping,CN,38.7153,112.7575,29.82,45,64,2.62,1644596006
atasu,KZ,48.6814,71.6433,15.24,87,100,11.14,1644596006
sambava,MG,-14.2667,50.1667,78.28,83,25,6.62,1644596006
ariquemes,BR,-9.9133,-63.0408,82.89,82,98,3.67,1644596007
maba,CN,24.6841,113.5984,51.49,95,100,3.04,1644596007
beira,MZ,-19.8436,34.8389,79.74,68,14,10.2,1644596007
colinas,BR,-6.0258,-44.2492,82.22,79,100,2.59,1644596007
katherine,AU,-14.4667,132.2667,84.52,74,75,0.0,1644596008
zyryanka,RU,65.75,150.85,-37.95,99,39,5.53,1644596008
yar-sale,RU,66.8333,70.8333,1.13,80,71,17.94,1644596008
sawtell,AU,-30.3833,153.1,68.02,83,75,13.8,1644596009
xixiang,CN,35.1628,112.865,39.56,63,8,3.18,1644596009
saint-philippe,RE,-21.3585,55.7679,80.19,78,42,8.01,1644596009
victoria,HK,22.2855,114.1577,67.95,88,57,9.26,1644595972
gorgan,IR,36.8387,54.4348,46.36,87,100,0.0,1644596010
halifax,CA,44.6453,-63.5724,45.09,69,47,15.01,1644596000
kununurra,AU,-15.7667,128.7333,80.58,83,75,1.14,1644596010
bo phloi,TH,14.3236,99.5161,79.2,73,98,2.48,1644596010
mount gambier,AU,-37.8333,140.7667,52.74,83,3,7.65,1644596011
necochea,AR,-38.5473,-58.7368,66.04,56,100,18.66,1644596011
torbat-e jam,IR,35.244,60.6225,46.09,59,12,9.73,1644596011
manadhoo,MV,5.7667,73.3833,82.15,70,80,5.97,1644596011
kodinsk,RU,58.6881,99.1844,-18.81,100,54,0.92,1644596012
new ulm,US,44.3125,-94.4605,19.54,72,100,35.68,1644596012
klaksvik,FO,62.2266,-6.589,36.52,69,100,10.13,1644596012
flinders,AU,-34.5833,150.8552,71.2,85,68,10.0,1644596013
verkhoyansk,RU,67.5447,133.385,-33.52,99,95,1.99,1644596013
coihaique,CL,-45.5752,-72.0662,60.75,44,20,8.05,1644595753
desur,IN,12.4333,79.4833,73.81,69,5,9.64,1644596013
kannangad,IN,12.3081,75.1063,76.68,70,23,3.94,1644596014
san cristobal,VE,7.7669,-72.225,66.38,62,84,3.85,1644596014
hofn,IS,64.2539,-15.2082,32.29,58,100,13.0,1644595897
swift current,CA,50.2834,-107.8014,17.15,89,100,10.33,1644596014
buin,CL,-33.7333,-70.75,78.06,35,13,7.18,1644596015
grande-synthe,FR,51.0154,2.2998,47.17,69,5,2.28,1644596015
ixtapa,MX,20.7,-105.2,67.23,52,0,8.05,1644596015
zhanaozen,KZ,43.3,52.8,37.38,71,100,12.26,1644596015
qaqortoq,GL,60.7167,-46.0333,25.3,67,100,5.91,1644596016
praia da vitoria,PT,38.7333,-27.0667,61.75,77,49,6.67,1644596016
karlskrona,SE,56.1616,15.5866,37.85,59,34,13.69,1644596016
thinadhoo,MV,0.5333,72.9333,82.06,70,100,5.84,1644596017
tiksi,RU,71.6872,128.8694,-11.78,93,96,14.12,1644596017
kirkwall,GB,58.9848,-2.9587,39.54,81,20,11.5,1644596017
bathsheba,BB,13.2167,-59.5167,84.81,54,20,26.46,1644596018
cabo san lucas,MX,22.8909,-109.9124,68.31,59,0,5.75,1644596018
vandra,EE,58.6481,25.0361,30.18,93,35,5.28,1644596018
itoman,JP,26.1247,127.6694,66.22,72,85,5.75,1644596018
magdagachi,RU,53.45,125.8,-9.71,95,82,3.96,1644596019
saint-felix-de-valois,CA,46.1668,-73.4324,31.5,81,96,5.01,1644596019
geraldton,AU,-28.7667,114.6,75.61,88,100,9.22,1644596019
cienfuegos,CU,22.1461,-80.4356,82.54,65,40,5.75,1644595972
rivadavia,AR,-33.1905,-68.4608,64.24,72,96,16.06,1644595842
ambilobe,MG,-13.2,49.05,74.19,95,99,2.84,1644596020
fortuna,US,40.5982,-124.1573,49.12,76,0,8.05,1644595972
aksum,ET,14.1245,38.7244,70.57,36,75,8.08,1644596020
clyde river,CA,70.4692,-68.5914,-16.37,76,100,31.07,1644596020
chioggia,IT,45.2256,12.2889,55.06,79,99,3.78,1644596021
qui nhon,VN,13.7667,109.2333,73.63,88,88,8.14,1644596021
veles,MK,41.7156,21.7756,52.25,64,0,0.67,1644596021
creel,MX,27.75,-107.6333,46.81,27,0,1.66,1644596022
shestakovo,RU,56.4915,103.96,-22.95,100,23,1.03,1644596022
college station,US,30.628,-96.3344,61.83,66,0,9.22,1644596022
bristol,US,41.8334,-71.1662,51.55,47,0,9.22,1644596022
rio claro,BR,-22.4114,-47.5614,77.11,74,75,6.82,1644596023
kahului,US,20.8947,-156.47,67.84,80,0,5.75,1644595794
imbituba,BR,-28.24,-48.6703,85.89,59,0,14.58,1644596023
marrakesh,MA,31.6315,-8.0083,68.07,34,75,4.61,1644596007
jiexiu,CN,37.0244,111.9125,34.09,47,59,3.09,1644596023
bafra,TR,41.5678,35.9069,44.38,70,0,7.78,1644596024
tumut,AU,-35.3,148.2167,61.07,78,0,3.67,1644596024
haines junction,CA,60.7522,-137.5108,6.28,98,100,2.44,1644596024
roma,US,43.2128,-75.4557,43.66,55,0,6.91,1644595783
meulaboh,ID,4.1363,96.1285,75.83,89,96,8.37,1644596025
luganville,VU,-15.5333,167.1667,78.44,82,95,5.39,1644596025
acajutla,SV,13.5928,-89.8275,86.81,49,28,4.0,1644596025
kostelec nad cernymi lesy,CZ,49.994,14.8592,41.79,61,54,15.9,1644596026
kieta,PG,-6.2167,155.6333,77.99,86,99,3.04,1644596026
turukhansk,RU,65.8167,87.9833,-19.75,90,30,4.68,1644596026
emilio carranza,MX,19.9711,-96.6114,67.69,82,97,4.5,1644596026
port lincoln,AU,-34.7333,135.8667,62.76,78,0,15.41,1644596027
liepaja,LV,56.5419,21.0367,37.38,81,100,8.05,1644596027
jalu,LY,29.0331,21.5482,59.23,42,0,7.11,1644596027
mitsamiouli,KM,-11.3847,43.2844,78.03,80,100,3.24,1644596028
bandarbeyla,SO,9.4942,50.8122,75.34,64,21,18.5,1644596028
dire,ML,12.2833,-10.9667,97.11,6,0,7.58,1644596028
christchurch,NZ,-43.5333,172.6333,62.91,91,100,5.75,1644595986
ixtlahuacan del rio,MX,20.8667,-103.25,58.71,38,0,2.1,1644596029
camacupa,AO,-12.0167,17.4833,73.94,60,71,6.82,1644596029
ayan,RU,56.45,138.1667,10.15,92,100,5.64,1644596029
yeppoon,AU,-23.1333,150.7333,73.18,71,9,14.65,1644596030
dingle,PH,10.9995,122.6711,75.34,89,100,7.63,1644596030
swan river,CA,52.1058,-101.2676,-18.78,95,58,2.62,1644596030
huaibei,CN,33.9744,116.7917,40.91,63,92,5.12,1644596031
nome,US,64.5011,-165.4064,-5.73,54,0,0.0,1644595976
kisiwani,TZ,-4.1333,37.95,76.59,69,75,5.84,1644596031
faanui,PF,-16.4833,-151.75,81.14,73,16,14.32,1644596031
acari,PE,-15.4311,-74.6158,80.24,60,60,10.18,1644596032
poum,NC,-20.2333,164.0167,80.4,80,100,11.54,1644596032
chara,RU,56.9064,118.2631,-26.93,85,58,1.07,1644596032
yamada,JP,39.4667,141.95,31.19,86,98,4.07,1644596032
artigas,UY,-30.4,-56.4667,99.12,17,56,8.03,1644596033
kainantu,PG,-6.2887,145.8655,58.64,95,100,3.33,1644596033
touros,BR,-5.1989,-35.4608,88.7,58,56,13.44,1644596034
swellendam,ZA,-34.0226,20.4417,80.33,47,0,11.25,1644596034
culiacan,MX,24.7994,-107.3897,66.15,56,0,5.75,1644596011
dromolaxia,CY,34.8761,33.586,58.66,61,20,5.01,1644596034
nikolskoye,RU,59.7035,30.7861,29.91,84,100,10.71,1644596035
druzhba,UA,52.0428,33.9453,31.84,92,100,7.87,1644596035
campbeltown,GB,55.4258,-5.6076,44.65,70,0,21.85,1644596035
rexburg,US,43.826,-111.7897,29.46,93,100,0.0,1644595743
nhulunbuy,AU,-12.2333,136.7667,79.41,89,76,0.0,1644596036
pundaguitan,PH,6.3711,126.1689,80.89,79,95,12.57,1644596036
nuevo progreso,MX,23.1667,-97.95,64.6,83,97,1.99,1644596036
baykit,RU,61.67,96.37,-15.48,99,11,1.88,1644596036
broken hill,AU,-31.95,141.4333,68.9,30,0,14.45,1644596037
kaduna,NG,10.5222,7.4383,91.83,6,4,6.35,1644596037
tigre,AR,-34.426,-58.5796,85.06,55,40,8.05,1644595807
tonj,SS,7.2737,28.6822,91.06,16,65,4.81,1644596037
novo aripuana,BR,-5.1206,-60.3797,77.18,94,100,1.83,1644596038
maningrida,AU,-12.0667,134.2667,80.55,81,67,8.3,1644596038
santa isabel do rio negro,BR,-0.4139,-65.0192,88.57,58,100,3.87,1644596038
gigmoto,PH,13.7796,124.39,77.68,89,98,13.02,1644596039
slavyanka,RU,42.8633,131.3847,24.01,64,19,15.66,1644596039
ransang,PH,8.9603,117.5828,79.07,81,100,2.75,1644596039
bosaso,SO,11.2842,49.1816,75.85,63,45,9.37,1644595953
vendas novas,PT,38.6771,-8.4579,69.08,40,3,6.96,1644596040
teberda,RU,43.4456,41.7448,24.94,80,54,6.38,1644596040
kingman,US,35.1894,-114.053,58.12,34,0,15.99,1644596040
lufilufi,WS,-13.8745,-171.5986,81.54,78,60,12.3,1644596041
mokshan,RU,53.4365,44.6132,31.19,98,100,4.99,1644596041
omboue,GA,-1.5746,9.2618,81.73,75,86,9.62,1644596041
bambous virieux,MU,-20.3428,57.7575,77.22,77,78,5.66,1644596042
piacabucu,BR,-10.4056,-36.4344,89.4,50,39,14.7,1644596042
corbu,RO,44.3833,28.65,51.12,71,0,6.91,1644596042
kirakira,SB,-10.4544,161.9205,78.96,88,99,11.99,1644596043
henties bay,NA,-22.116,14.2845,73.85,83,100,7.76,1644596043
la grande,US,45.3246,-118.0877,43.05,85,98,1.14,1644596043
livingston,GB,55.9029,-3.5226,41.85,77,20,10.36,1644596044
yacuiba,BO,-22.038,-63.6797,93.97,49,40,6.91,1644596044
gat,IL,31.61,34.7642,56.08,100,7,7.56,1644595935
asau,RO,46.4333,26.4,50.92,51,5,5.7,1644596044
turayf,SA,31.6725,38.6637,47.07,48,79,8.99,1644596044
rio grande,BR,-32.035,-52.0986,86.11,68,58,15.3,1644596045
barra patuca,HN,15.8,-84.2833,80.02,73,9,5.86,1644596045
ampanihy,MG,-24.7,44.75,78.89,71,73,16.26,1644596046
nampula,MZ,-15.1165,39.2666,71.64,94,100,4.76,1644596046
maceio,BR,-9.6658,-35.7353,90.84,55,75,14.97,1644595934
sikonge,TZ,-5.6333,32.7667,67.93,90,99,2.66,1644596046
ormara,PK,25.2088,64.6357,71.56,52,0,7.99,1644596046
vardo,NO,70.3705,31.1107,30.18,93,100,9.22,1644596047
kamojima,JP,34.0667,134.35,39.78,76,72,0.89,1644596047
kabare,CD,-2.4683,28.8242,65.14,91,93,2.42,1644596047
kawalu,ID,-7.3817,108.2082,74.26,92,98,1.88,1644596048
viedma,AR,-40.8135,-62.9967,69.91,24,80,12.33,1644596048
quatre cocos,MU,-20.2078,57.7625,77.09,77,80,4.92,1644596048
paragominas,BR,-2.9667,-47.4833,87.48,54,82,3.62,1644596049
tigil,RU,57.8,158.6667,-19.16,100,78,1.5,1644596049
chino valley,US,34.7575,-112.4538,51.94,46,0,6.91,1644596049
bahia blanca,AR,-38.7196,-62.2724,68.77,36,100,16.2,1644596050
alta floresta,BR,-9.8756,-56.0861,76.62,89,100,2.98,1644596050
luis correia,BR,-2.8792,-41.6669,86.0,79,100,10.36,1644596050
selma,US,36.5708,-119.6121,54.9,53,0,0.76,1644596051
nizhniy kuranakh,RU,58.8353,125.4869,-19.07,99,100,1.45,1644596051
bonavista,CA,48.6499,-53.1147,39.11,81,100,14.16,1644596051
cassia,BR,-20.5831,-46.9219,69.94,93,100,3.4,1644596051
velikiy ustyug,RU,60.7644,46.3106,26.24,97,100,6.38,1644596052
woodward,US,36.4337,-99.3904,52.83,55,0,21.85,1644596052
sorrento,IT,40.626,14.3744,58.08,89,51,5.61,1644596052
mackay,AU,-21.15,149.2,72.68,72,24,8.48,1644596053
tortoli,IT,39.9256,9.6572,58.98,63,37,1.34,1644596053
balikpapan,ID,-1.2675,116.8289,74.48,88,100,2.24,1644596053
pacific grove,US,36.6177,-121.9166,63.28,50,0,7.0,1644595777
muros,ES,42.7762,-9.0603,61.99,74,90,4.68,1644596054
lasa,IT,46.6166,10.7002,48.11,89,92,8.3,1644596054
barsi,IN,18.2333,75.7,75.99,29,9,12.3,1644596054
honiara,SB,-9.4333,159.95,75.92,97,100,3.38,1644596054
sitka,US,57.0531,-135.33,37.29,75,100,10.36,1644596055
burnie,AU,-41.0667,145.9167,59.76,83,98,11.16,1644596055
princeton,US,25.5384,-80.4089,80.02,71,75,11.5,1644596055
dumas,US,35.8656,-101.9732,49.35,40,13,41.43,1644595977
nuuk,GL,64.1835,-51.7216,30.81,93,100,42.57,1644596004
giyani,ZA,-23.3025,30.7187,89.13,22,2,10.71,1644596056
kostomuksha,RU,64.571,30.5767,16.32,88,53,9.66,1644596056
aswan,EG,24.0934,32.907,62.65,27,0,10.89,1644596056
ialibu,PG,-6.2821,143.9935,52.79,83,100,2.59,1644596057
chiang rai,TH,19.9167,99.9167,68.04,83,0,1.9,1644596057
nelson,NZ,-41.2833,173.2833,68.29,92,100,1.19,1644596057
progreso,MX,21.2833,-89.6667,77.11,64,8,8.21,1644596058
sawakin,SD,19.1059,37.3321,71.44,68,86,15.1,1644596058
port hueneme,US,34.1478,-119.1951,74.95,33,0,9.22,1644596058
hit,IQ,33.6416,42.8251,58.32,40,30,9.15,1644596058
hastings,GB,50.8552,0.5729,45.79,60,48,7.45,1644596059
llangefni,GB,53.2556,-4.3106,45.77,76,75,27.63,1644596059
zhangjiakou,CN,40.81,114.8794,26.33,53,71,4.9,1644596059
ponta delgada,PT,37.7333,-25.6667,61.52,67,20,5.75,1644596060
guiberoua,CI,6.2392,-6.1727,99.18,17,38,5.5,1644596060
buala,SB,-8.145,159.5921,77.13,91,100,6.96,1644596060
serenje,ZM,-13.2325,30.2352,65.59,90,100,2.93,1644596061
fort wellington,GY,6.4,-57.6,82.31,64,94,11.25,1644596061
parintins,BR,-2.6283,-56.7358,86.16,66,91,3.94,1644596061
portland,US,45.5234,-122.6762,45.75,90,75,4.61,1644595464
biltine,TD,14.5333,20.9167,85.39,8,4,8.77,1644596062
rio pardo,BR,-29.9897,-52.3781,99.79,28,0,1.86,1644596062
tahta,EG,26.7693,31.5021,61.11,31,0,10.6,1644596062
alofi,NU,-19.0595,-169.9187,80.98,72,20,13.89,1644596063
namwala,ZM,-15.7504,26.4384,72.61,88,95,4.92,1644596063
lebedyn,UA,50.5852,34.4849,34.41,99,100,8.59,1644596063
tuatapere,NZ,-46.1333,167.6833,55.09,86,93,5.97,1644596064
lamtah,TN,35.6667,10.8833,60.57,67,0,10.36,1644596064
marawi,PH,7.9986,124.2928,66.65,96,52,0.83,1644596064
pimentel,PE,-6.8367,-79.9342,80.89,50,0,13.8,1644596065
saint-francois,FR,46.4154,3.9054,45.84,56,40,11.5,1644596065
bonaventure,CA,48.0457,-65.4926,33.35,79,9,13.62,1644596065
hami,CN,42.8,93.45,29.77,54,97,2.51,1644596066
izumo,JP,35.3667,132.7667,40.06,76,45,3.22,1644596066
tombouctou,ML,20.0,-3.0,77.97,11,6,16.35,1644596066
mayumba,GA,-3.432,10.6554,81.09,75,92,8.08,1644596066
mount isa,AU,-20.7333,139.5,78.57,53,100,1.14,1644596067
mecca,SA,21.4267,39.8261,70.47,45,0,14.67,1644595770
arantangi,IN,10.1667,78.9833,75.29,87,88,11.32,1644596067
aklavik,CA,68.2191,-135.0107,-25.65,89,92,4.54,1644596067
lima,PE,-12.0432,-77.0282,76.39,78,0,4.61,1644595876
santa isabel,BR,-23.3156,-46.2214,80.31,68,85,4.38,1644596068
riyadh,SA,24.6877,46.7219,71.74,17,0,5.84,1644595897
puerto madryn,AR,-42.7692,-65.0385,70.07,23,1,3.13,1644595853
komsomolskiy,UZ,40.4272,71.7189,42.22,46,100,3.76,1644596068
cap malheureux,MU,-19.9842,57.6142,79.29,76,91,3.78,1644596069
dunmore,US,41.4198,-75.6324,47.25,50,0,8.05,1644596069
dakoro,NE,14.5106,6.765,85.03,7,5,14.25,1644596069
alice springs,AU,-23.7,133.8833,69.35,60,0,0.0,1644595835
nyurba,RU,63.2842,118.3319,-6.77,98,100,3.76,1644596069
saint-joseph,RE,-21.3667,55.6167,77.38,79,45,5.41,1644596070
sribne,UA,50.6638,32.9187,33.71,92,100,10.67,1644596070
nouadhibou,MR,20.931,-17.0347,73.85,49,89,5.39,1644596070
pasni,PK,25.2631,63.471,71.44,64,0,11.16,1644596071
doha,QA,25.2867,51.5333,67.98,77,0,6.91,1644595795
petrolina,BR,-9.3986,-40.5008,86.05,66,75,9.22,1644596071
bulgan,MN,48.8125,103.5347,-13.23,98,50,2.57,1644596071
constantine,DZ,36.365,6.6147,54.66,58,78,10.49,1644596041
merauke,ID,-8.4667,140.3333,76.17,89,67,5.19,1644596072
pangkalanbuun,ID,-2.6833,111.6167,74.26,96,100,2.3,1644596072
jackson,US,42.4165,-122.8345,63.64,86,0,3.44,1644596072
shieli,KZ,44.1667,66.75,38.37,89,100,12.55,1644596073
lorengau,PG,-2.0226,147.2712,79.75,82,100,5.66,1644596073
minsk,BY,53.9,27.5667,33.55,93,97,6.69,1644595801
hobyo,SO,5.3505,48.5268,77.11,65,1,20.04,1644596074
altamira,BR,-3.2033,-52.2064,83.05,78,75,3.0,1644596074
paraiso,CR,9.8383,-83.8656,80.15,67,71,5.59,1644596074
opuwo,NA,-18.0607,13.84,79.77,55,99,1.68,1644596075
vao,NC,-22.6667,167.4833,80.55,85,100,22.46,1644596075
peniche,PT,39.3558,-9.3811,70.75,57,49,4.38,1644596075
harper,LR,4.375,-7.7169,84.88,64,52,9.35,1644596077
yurimaguas,PE,-5.9,-76.0833,84.36,70,20,4.61,1644596078
sidi ali,DZ,36.0998,0.4206,53.58,74,100,6.96,1644596078
businga,CD,3.3333,20.8833,96.31,19,54,2.01,1644596078
tungor,RU,53.3808,142.9564,13.35,93,99,4.18,1644596078
blagoyevo,RU,63.3667,47.9167,20.73,95,100,7.47,1644596079
grants pass,US,42.439,-123.3284,65.08,68,100,3.44,1644596079
hervey bay,AU,-25.2986,152.8535,70.03,64,0,20.92,1644596079
tommot,RU,58.9564,126.2925,-18.96,100,99,1.57,1644595931
yerbogachen,RU,61.2767,108.0108,-11.58,97,97,3.38,1644595931
bereda,ES,43.2686,-7.5406,58.01,87,97,4.29,1644596080
qasigiannguit,GL,68.8193,-51.1922,23.25,79,100,4.07,1644596080
moose factory,CA,51.2585,-80.6094,1.4,78,100,12.66,1644596080
cascais,PT,38.6979,-9.4215,70.5,63,20,15.01,1644595960
dubti,ET,11.7361,41.0853,87.91,28,2,4.56,1644596081
atikokan,CA,48.7555,-91.6216,0.21,88,100,14.34,1644596081
nizhniy tsasuchey,RU,50.5167,115.1333,-10.14,91,65,6.44,1644596081
ganzhou,CN,28.8184,115.4327,43.56,95,100,2.51,1644596082
teguldet,RU,57.3064,88.1667,-9.33,99,18,4.54,1644596082
baghdad,IQ,33.3406,44.4009,62.51,36,40,6.91,1644596082
frankfurt,DE,50.1167,8.6833,44.37,59,20,11.5,1644595874
izazi,TZ,-7.2,35.7333,71.15,88,100,3.8,1644596083
magadi,IN,12.9667,77.2333,70.14,47,4,11.01,1644596083
makakilo city,US,21.3469,-158.0858,63.61,83,0,5.75,1644596083
shimoda,JP,34.6667,138.95,39.11,77,99,8.41,1644596083
dudinka,RU,69.4058,86.1778,-7.85,85,100,17.38,1644596084
kumluca,TR,36.3703,30.2869,55.67,68,0,3.44,1644596084
sur,OM,22.5667,59.5289,70.38,50,0,7.09,1644596084
avera,US,33.194,-82.5271,63.91,48,79,7.34,1644596085
micheweni,TZ,-4.9667,39.8333,80.73,73,6,15.48,1644596085
oriximina,BR,-1.7656,-55.8661,84.7,70,55,3.38,1644596085
khasan,RU,42.4308,130.6434,26.22,52,4,21.0,1644596085
kamloops,CA,50.6665,-120.3192,27.75,69,40,6.91,1644596086
novopokrovka,UA,49.8425,36.5477,37.78,96,100,10.31,1644596086
sumenep,ID,-7.0167,113.8667,76.03,91,100,4.74,1644596086
wake forest,US,35.9799,-78.5097,64.24,34,0,11.5,1644596087
olaszliszka,HU,48.25,21.4333,42.53,79,79,14.2,1644596087
nishihara,JP,26.1842,127.7558,65.48,72,100,8.05,1644596087
champerico,GT,14.3,-91.9167,88.75,57,0,5.57,1644596087
stephenville,US,32.2207,-98.2023,62.92,46,0,11.99,1644596088
baruun-urt,MN,46.6806,113.2792,-4.77,98,95,6.38,1644596088
erdenet,MN,49.0333,104.0833,-15.07,100,41,1.79,1644596088
menongue,AO,-14.6585,17.691,73.0,66,99,2.91,1644596089
southampton,GB,50.904,-1.4043,47.66,73,20,9.22,1644595923
barreirinhas,BR,-2.7469,-42.8264,87.73,54,59,10.4,1644596089
dawei,MM,14.0833,98.2,74.5,70,66,1.99,1644596089
wajid,SO,3.8093,43.2471,85.93,17,21,11.16,1644596090
abu samrah,SY,35.3029,37.1841,49.98,61,2,4.7,1644596090
kjollefjord,NO,70.9457,27.3465,31.82,74,75,20.71,1644596090
payo,ID,-3.7508,103.6372,71.49,91,93,2.17,1644596091
koster,ZA,-25.863,26.8976,78.42,33,85,4.68,1644596091
isangel,VU,-19.55,169.2667,79.68,85,100,14.45,1644596091
nagar karnul,IN,16.4821,78.3247,74.05,45,10,8.52,1644596091
yenagoa,NG,4.9247,6.2642,96.51,31,60,3.94,1644596092
san juan,AR,-31.5375,-68.5364,70.74,55,95,16.4,1644596077
muzhi,RU,65.3667,64.6667,5.25,83,100,15.35,1644596092
muroto,JP,33.2833,134.15,48.81,62,23,11.07,1644596093
kirensk,RU,57.7853,108.1119,-26.18,100,29,0.85,1644596093
dicabisagan,PH,17.0818,122.4157,75.02,84,89,5.55,1644596093
la palma,US,33.8464,-118.0467,75.42,51,0,1.01,1644596094
alyangula,AU,-13.8483,136.4192,83.59,73,15,13.76,1644596094
vila franca do campo,PT,37.7167,-25.4333,61.21,62,100,1.43,1644596094
gazojak,TM,41.1875,61.4036,40.44,70,81,15.17,1644596094
gezing,AT,47.9178,13.1299,39.11,87,75,6.91,1644596095
razdolnaya,RU,45.3799,39.5557,43.74,77,59,12.26,1644596095
moron,AR,-34.6534,-58.6198,83.8,57,52,8.12,1644596095
margate,GB,51.3813,1.3862,45.75,64,32,3.0,1644595939
montague,US,42.5356,-72.5351,49.03,57,48,9.04,1644596096
buluang,PH,13.3068,123.3425,73.99,91,79,4.29,1644596096
usinsk,RU,65.9939,57.5281,13.64,84,100,17.52,1644596096
santa ana,US,33.7456,-117.8678,75.15,42,0,3.44,1644596036
santa maria,BR,-29.6842,-53.8069,94.42,29,47,2.82,1644596097
kuusamo,FI,65.9667,29.1833,15.84,86,40,6.91,1644596097
goundam,ML,16.4145,-3.6708,85.46,8,1,12.41,1644596097
